Models,Train Loss,Test Loss,Train Accuracy,Test Accuracy
CNN,0.232777297,23.13533211,0.958868921,0.010282776
ResNet152,0.497423112,0.619130611,0.858979046,0.791773796
EfficientNetB2,0.607971013,0.769150436,0.83510834,0.755784035
NASNetMobile,0.788415372,0.812210739,0.793609977,0.771208227
